name,degree,min_gpa,keywords,url
MSc Scholarship 1,MSc,3.77,"art,computer",https://example.com/scholarship_001
MSc Scholarship 2,MSc,3.7,"robotics,research,programming,analytics",https://example.com/scholarship_002
PhD Scholarship 3,PhD,3.22,"data,design,computer,creativity",https://example.com/scholarship_003
BA Scholarship 4,BA,2.6,"analytics,programming,management,AI",https://example.com/scholarship_004
MBA Scholarship 5,MBA,3.31,"leadership,tech,management",https://example.com/scholarship_005
MBA Scholarship 6,MBA,3.37,"programming,management,science",https://example.com/scholarship_006
BA Scholarship 7,BA,3.82,"computer,art,programming,management",https://example.com/scholarship_007
MBA Scholarship 8,MBA,2.58,"data,design,robotics,leadership",https://example.com/scholarship_008
MSc Scholarship 9,MSc,3.02,"AI,programming,analytics",https://example.com/scholarship_009
PhD Scholarship 10,PhD,3.02,"robotics,AI,creativity,computer",https://example.com/scholarship_010
MBA Scholarship 11,MBA,2.51,"analytics,leadership",https://example.com/scholarship_011
BA Scholarship 12,BA,3.67,"science,data",https://example.com/scholarship_012
BA Scholarship 13,BA,2.82,"management,design,data",https://example.com/scholarship_013
PhD Scholarship 14,PhD,3.38,"science,design",https://example.com/scholarship_014
BSc Scholarship 15,BSc,3.87,"computer,management,programming",https://example.com/scholarship_015
BA Scholarship 16,BA,3.03,"science,data,management,design",https://example.com/scholarship_016
BA Scholarship 17,BA,3.34,"leadership,management",https://example.com/scholarship_017
PhD Scholarship 18,PhD,2.81,"analytics,robotics",https://example.com/scholarship_018
MBA Scholarship 19,MBA,3.88,"analytics,tech",https://example.com/scholarship_019
BSc Scholarship 20,BSc,2.89,"AI,analytics,science,programming",https://example.com/scholarship_020
BSc Scholarship 21,BSc,2.63,"programming,analytics,AI,creativity",https://example.com/scholarship_021
MSc Scholarship 22,MSc,2.76,"design,science,AI",https://example.com/scholarship_022
BA Scholarship 23,BA,3.85,"AI,leadership",https://example.com/scholarship_023
BA Scholarship 24,BA,3.12,"data,science,analytics",https://example.com/scholarship_024
BA Scholarship 25,BA,2.54,"tech,research,science,analytics",https://example.com/scholarship_025
BSc Scholarship 26,BSc,3.95,"art,analytics,design,tech",https://example.com/scholarship_026
MBA Scholarship 27,MBA,3.7,"computer,research,art,tech",https://example.com/scholarship_027
MBA Scholarship 28,MBA,3.44,"AI,leadership,data",https://example.com/scholarship_028
BSc Scholarship 29,BSc,2.73,"tech,analytics,management,computer",https://example.com/scholarship_029
PhD Scholarship 30,PhD,2.73,"creativity,data,management,art",https://example.com/scholarship_030
PhD Scholarship 31,PhD,3.54,"AI,design",https://example.com/scholarship_031
BSc Scholarship 32,BSc,2.51,"computer,research",https://example.com/scholarship_032
MSc Scholarship 33,MSc,3.16,"tech,analytics",https://example.com/scholarship_033
BSc Scholarship 34,BSc,3.73,"data,design",https://example.com/scholarship_034
BA Scholarship 35,BA,2.66,"analytics,AI,management,art",https://example.com/scholarship_035
MBA Scholarship 36,MBA,3.08,"data,computer",https://example.com/scholarship_036
BA Scholarship 37,BA,2.72,"AI,science,analytics,art",https://example.com/scholarship_037
BA Scholarship 38,BA,2.67,"science,research",https://example.com/scholarship_038
PhD Scholarship 39,PhD,3.27,"programming,robotics",https://example.com/scholarship_039
PhD Scholarship 40,PhD,2.66,"management,tech,art,robotics",https://example.com/scholarship_040
BSc Scholarship 41,BSc,2.73,"programming,art,tech",https://example.com/scholarship_041
BA Scholarship 42,BA,3.31,"creativity,analytics",https://example.com/scholarship_042
BA Scholarship 43,BA,2.87,"research,analytics,art",https://example.com/scholarship_043
BA Scholarship 44,BA,3.35,"management,design,creativity,tech",https://example.com/scholarship_044
PhD Scholarship 45,PhD,3.59,"management,science,data",https://example.com/scholarship_045
BA Scholarship 46,BA,3.02,"creativity,programming",https://example.com/scholarship_046
PhD Scholarship 47,PhD,3.95,"data,AI",https://example.com/scholarship_047
MSc Scholarship 48,MSc,3.16,"art,management",https://example.com/scholarship_048
MSc Scholarship 49,MSc,3.11,"tech,AI",https://example.com/scholarship_049
PhD Scholarship 50,PhD,3.53,"research,creativity",https://example.com/scholarship_050
PhD Scholarship 51,PhD,3.71,"research,tech",https://example.com/scholarship_051
MBA Scholarship 52,MBA,3.0,"science,design,research,analytics",https://example.com/scholarship_052
BSc Scholarship 53,BSc,3.93,"design,creativity,tech,AI",https://example.com/scholarship_053
PhD Scholarship 54,PhD,3.88,"AI,programming,management,tech",https://example.com/scholarship_054
PhD Scholarship 55,PhD,2.93,"management,creativity,art",https://example.com/scholarship_055
MBA Scholarship 56,MBA,2.78,"computer,programming,science,research",https://example.com/scholarship_056
BA Scholarship 57,BA,3.53,"design,management,AI",https://example.com/scholarship_057
BA Scholarship 58,BA,3.23,"design,analytics,science,computer",https://example.com/scholarship_058
PhD Scholarship 59,PhD,3.94,"AI,leadership",https://example.com/scholarship_059
PhD Scholarship 60,PhD,2.98,"art,programming",https://example.com/scholarship_060
BSc Scholarship 61,BSc,2.52,"design,art,leadership,management",https://example.com/scholarship_061
PhD Scholarship 62,PhD,2.87,"leadership,computer,research",https://example.com/scholarship_062
BA Scholarship 63,BA,2.79,"research,AI,robotics,analytics",https://example.com/scholarship_063
BA Scholarship 64,BA,3.09,"science,robotics,research",https://example.com/scholarship_064
MSc Scholarship 65,MSc,3.03,"design,AI,research,robotics",https://example.com/scholarship_065
MSc Scholarship 66,MSc,2.73,"art,programming,tech",https://example.com/scholarship_066
BSc Scholarship 67,BSc,2.94,"computer,AI,data,robotics",https://example.com/scholarship_067
PhD Scholarship 68,PhD,3.3,"data,creativity,art,programming",https://example.com/scholarship_068
PhD Scholarship 69,PhD,3.19,"programming,computer,management",https://example.com/scholarship_069
MBA Scholarship 70,MBA,3.63,"science,robotics,tech",https://example.com/scholarship_070
MBA Scholarship 71,MBA,3.61,"research,programming",https://example.com/scholarship_071
BA Scholarship 72,BA,2.78,"research,robotics,design",https://example.com/scholarship_072
MBA Scholarship 73,MBA,2.9,"creativity,management,research",https://example.com/scholarship_073
PhD Scholarship 74,PhD,3.6,"computer,programming,management,data",https://example.com/scholarship_074
BSc Scholarship 75,BSc,3.71,"data,robotics,tech",https://example.com/scholarship_075
PhD Scholarship 76,PhD,3.95,"tech,data",https://example.com/scholarship_076
BA Scholarship 77,BA,2.6,"leadership,robotics,tech,art",https://example.com/scholarship_077
BA Scholarship 78,BA,3.62,"computer,design,tech,research",https://example.com/scholarship_078
BSc Scholarship 79,BSc,3.25,"management,robotics",https://example.com/scholarship_079
BA Scholarship 80,BA,2.54,"research,programming",https://example.com/scholarship_080
PhD Scholarship 81,PhD,3.28,"analytics,programming",https://example.com/scholarship_081
MBA Scholarship 82,MBA,2.6,"AI,management",https://example.com/scholarship_082
BSc Scholarship 83,BSc,3.08,"management,AI,tech,research",https://example.com/scholarship_083
PhD Scholarship 84,PhD,3.98,"programming,leadership,design,research",https://example.com/scholarship_084
PhD Scholarship 85,PhD,3.57,"research,tech,leadership",https://example.com/scholarship_085
MSc Scholarship 86,MSc,3.13,"research,design",https://example.com/scholarship_086
BSc Scholarship 87,BSc,2.67,"tech,leadership,computer",https://example.com/scholarship_087
BSc Scholarship 88,BSc,3.91,"robotics,analytics,programming",https://example.com/scholarship_088
PhD Scholarship 89,PhD,3.62,"design,management,science,art",https://example.com/scholarship_089
MSc Scholarship 90,MSc,3.04,"leadership,AI,management,robotics",https://example.com/scholarship_090
BSc Scholarship 91,BSc,2.99,"research,tech",https://example.com/scholarship_091
BA Scholarship 92,BA,3.22,"science,analytics,AI,programming",https://example.com/scholarship_092
PhD Scholarship 93,PhD,3.4,"robotics,art,analytics",https://example.com/scholarship_093
BA Scholarship 94,BA,3.86,"science,tech,art",https://example.com/scholarship_094
PhD Scholarship 95,PhD,3.3,"creativity,data",https://example.com/scholarship_095
MSc Scholarship 96,MSc,2.8,"AI,design,tech,management",https://example.com/scholarship_096
PhD Scholarship 97,PhD,3.34,"AI,tech",https://example.com/scholarship_097
MSc Scholarship 98,MSc,3.64,"design,AI",https://example.com/scholarship_098
MBA Scholarship 99,MBA,3.21,"analytics,AI",https://example.com/scholarship_099
BSc Scholarship 100,BSc,3.41,"science,data,management",https://example.com/scholarship_100
MBA Scholarship 101,MBA,3.39,"programming,design,robotics",https://example.com/scholarship_101
BSc Scholarship 102,BSc,3.47,"management,data",https://example.com/scholarship_102
BSc Scholarship 103,BSc,3.78,"programming,management,design",https://example.com/scholarship_103
MBA Scholarship 104,MBA,3.12,"analytics,data,leadership",https://example.com/scholarship_104
MBA Scholarship 105,MBA,3.43,"design,data,research",https://example.com/scholarship_105
BSc Scholarship 106,BSc,3.51,"analytics,leadership,design",https://example.com/scholarship_106
BA Scholarship 107,BA,2.98,"robotics,research,leadership,data",https://example.com/scholarship_107
MBA Scholarship 108,MBA,3.82,"leadership,AI,analytics",https://example.com/scholarship_108
MBA Scholarship 109,MBA,2.96,"management,data,creativity",https://example.com/scholarship_109
MBA Scholarship 110,MBA,3.21,"robotics,computer,research",https://example.com/scholarship_110
MBA Scholarship 111,MBA,2.72,"science,art,AI",https://example.com/scholarship_111
MBA Scholarship 112,MBA,3.72,"design,research,art,science",https://example.com/scholarship_112
PhD Scholarship 113,PhD,2.55,"data,programming,computer",https://example.com/scholarship_113
MBA Scholarship 114,MBA,3.64,"tech,creativity,leadership,management",https://example.com/scholarship_114
MSc Scholarship 115,MSc,2.63,"management,tech,analytics",https://example.com/scholarship_115
BSc Scholarship 116,BSc,3.86,"robotics,tech",https://example.com/scholarship_116
MSc Scholarship 117,MSc,2.65,"art,analytics,science,creativity",https://example.com/scholarship_117
BA Scholarship 118,BA,2.82,"tech,robotics,computer",https://example.com/scholarship_118
BA Scholarship 119,BA,3.54,"tech,computer,design,programming",https://example.com/scholarship_119
PhD Scholarship 120,PhD,3.49,"creativity,research,data",https://example.com/scholarship_120
BA Scholarship 121,BA,3.12,"management,computer",https://example.com/scholarship_121
BSc Scholarship 122,BSc,2.88,"science,design",https://example.com/scholarship_122
BSc Scholarship 123,BSc,3.28,"tech,research,design",https://example.com/scholarship_123
MSc Scholarship 124,MSc,3.4,"leadership,data,AI",https://example.com/scholarship_124
BA Scholarship 125,BA,3.65,"management,science,design",https://example.com/scholarship_125
MSc Scholarship 126,MSc,3.52,"computer,creativity,art",https://example.com/scholarship_126
MSc Scholarship 127,MSc,2.57,"management,programming,computer,leadership",https://example.com/scholarship_127
MSc Scholarship 128,MSc,2.79,"computer,data,research,design",https://example.com/scholarship_128
BA Scholarship 129,BA,3.03,"leadership,management",https://example.com/scholarship_129
BSc Scholarship 130,BSc,3.06,"research,creativity,art",https://example.com/scholarship_130
BA Scholarship 131,BA,3.57,"tech,AI",https://example.com/scholarship_131
MSc Scholarship 132,MSc,3.4,"analytics,leadership,research",https://example.com/scholarship_132
BA Scholarship 133,BA,3.77,"programming,computer",https://example.com/scholarship_133
BA Scholarship 134,BA,3.58,"programming,computer,design,leadership",https://example.com/scholarship_134
MSc Scholarship 135,MSc,2.99,"tech,art,data,creativity",https://example.com/scholarship_135
BSc Scholarship 136,BSc,3.96,"programming,science,analytics",https://example.com/scholarship_136
BA Scholarship 137,BA,3.88,"creativity,data,leadership,computer",https://example.com/scholarship_137
PhD Scholarship 138,PhD,4.0,"management,design",https://example.com/scholarship_138
BA Scholarship 139,BA,3.09,"art,leadership,design",https://example.com/scholarship_139
BSc Scholarship 140,BSc,3.22,"analytics,leadership",https://example.com/scholarship_140
BA Scholarship 141,BA,2.51,"robotics,science,art",https://example.com/scholarship_141
MBA Scholarship 142,MBA,3.22,"research,management",https://example.com/scholarship_142
BA Scholarship 143,BA,3.62,"tech,programming,research",https://example.com/scholarship_143
MBA Scholarship 144,MBA,3.46,"research,art,analytics",https://example.com/scholarship_144
PhD Scholarship 145,PhD,3.74,"data,programming",https://example.com/scholarship_145
MBA Scholarship 146,MBA,3.89,"science,tech,management",https://example.com/scholarship_146
MBA Scholarship 147,MBA,2.53,"management,analytics,art,robotics",https://example.com/scholarship_147
BSc Scholarship 148,BSc,3.2,"programming,AI,tech",https://example.com/scholarship_148
PhD Scholarship 149,PhD,3.07,"art,research,AI",https://example.com/scholarship_149
BSc Scholarship 150,BSc,2.88,"analytics,creativity",https://example.com/scholarship_150
MSc Scholarship 151,MSc,3.23,"robotics,analytics,design,AI",https://example.com/scholarship_151
PhD Scholarship 152,PhD,2.76,"programming,AI,creativity",https://example.com/scholarship_152
BA Scholarship 153,BA,3.45,"design,computer,AI,creativity",https://example.com/scholarship_153
MSc Scholarship 154,MSc,2.75,"creativity,design,management,research",https://example.com/scholarship_154
PhD Scholarship 155,PhD,2.7,"programming,management,design,leadership",https://example.com/scholarship_155
BA Scholarship 156,BA,3.95,"management,analytics",https://example.com/scholarship_156
MSc Scholarship 157,MSc,3.17,"analytics,tech,art,AI",https://example.com/scholarship_157
BSc Scholarship 158,BSc,3.81,"tech,art,leadership",https://example.com/scholarship_158
BA Scholarship 159,BA,3.85,"programming,computer,AI",https://example.com/scholarship_159
MBA Scholarship 160,MBA,3.04,"creativity,data,AI,robotics",https://example.com/scholarship_160
BA Scholarship 161,BA,3.07,"design,research,creativity,analytics",https://example.com/scholarship_161
BSc Scholarship 162,BSc,2.89,"science,AI,research",https://example.com/scholarship_162
BSc Scholarship 163,BSc,3.57,"research,robotics",https://example.com/scholarship_163
BSc Scholarship 164,BSc,3.49,"programming,computer,AI,leadership",https://example.com/scholarship_164
BSc Scholarship 165,BSc,2.73,"design,management,computer,science",https://example.com/scholarship_165
MSc Scholarship 166,MSc,3.02,"science,robotics,creativity,analytics",https://example.com/scholarship_166
MSc Scholarship 167,MSc,2.85,"design,leadership",https://example.com/scholarship_167
BA Scholarship 168,BA,3.51,"analytics,computer,robotics,art",https://example.com/scholarship_168
MSc Scholarship 169,MSc,3.36,"computer,analytics,design",https://example.com/scholarship_169
PhD Scholarship 170,PhD,3.91,"research,computer,management,design",https://example.com/scholarship_170
MBA Scholarship 171,MBA,3.85,"design,leadership,data",https://example.com/scholarship_171
PhD Scholarship 172,PhD,2.64,"leadership,data",https://example.com/scholarship_172
MSc Scholarship 173,MSc,2.74,"programming,creativity,computer",https://example.com/scholarship_173
MSc Scholarship 174,MSc,3.2,"leadership,creativity",https://example.com/scholarship_174
MSc Scholarship 175,MSc,3.71,"data,analytics,AI,programming",https://example.com/scholarship_175
MBA Scholarship 176,MBA,2.52,"management,science,design,leadership",https://example.com/scholarship_176
BA Scholarship 177,BA,3.56,"design,programming,science",https://example.com/scholarship_177
MBA Scholarship 178,MBA,2.83,"data,analytics",https://example.com/scholarship_178
BSc Scholarship 179,BSc,3.05,"research,management",https://example.com/scholarship_179
MBA Scholarship 180,MBA,3.3,"management,data",https://example.com/scholarship_180
PhD Scholarship 181,PhD,3.59,"art,management",https://example.com/scholarship_181
MSc Scholarship 182,MSc,3.39,"research,AI,leadership",https://example.com/scholarship_182
PhD Scholarship 183,PhD,2.95,"leadership,analytics,science,management",https://example.com/scholarship_183
MBA Scholarship 184,MBA,2.57,"tech,design,computer,data",https://example.com/scholarship_184
MSc Scholarship 185,MSc,3.21,"design,analytics,programming",https://example.com/scholarship_185
MBA Scholarship 186,MBA,3.25,"art,programming",https://example.com/scholarship_186
PhD Scholarship 187,PhD,3.1,"management,design",https://example.com/scholarship_187
BA Scholarship 188,BA,3.08,"computer,art,AI",https://example.com/scholarship_188
BA Scholarship 189,BA,2.76,"robotics,science,AI",https://example.com/scholarship_189
BSc Scholarship 190,BSc,3.21,"creativity,robotics",https://example.com/scholarship_190
BSc Scholarship 191,BSc,2.77,"computer,data",https://example.com/scholarship_191
BA Scholarship 192,BA,2.97,"programming,art,research",https://example.com/scholarship_192
BA Scholarship 193,BA,3.55,"analytics,data,art,design",https://example.com/scholarship_193
BA Scholarship 194,BA,2.52,"analytics,programming,science",https://example.com/scholarship_194
BA Scholarship 195,BA,3.22,"programming,science,AI,robotics",https://example.com/scholarship_195
MBA Scholarship 196,MBA,2.92,"research,data,creativity",https://example.com/scholarship_196
MSc Scholarship 197,MSc,2.59,"research,creativity",https://example.com/scholarship_197
MBA Scholarship 198,MBA,3.69,"creativity,data,science,AI",https://example.com/scholarship_198
BSc Scholarship 199,BSc,2.91,"art,leadership,design,management",https://example.com/scholarship_199
MBA Scholarship 200,MBA,3.66,"data,AI",https://example.com/scholarship_200
MBA Scholarship 201,MBA,3.07,"robotics,analytics,tech",https://example.com/scholarship_201
MSc Scholarship 202,MSc,2.73,"robotics,tech,data,leadership",https://example.com/scholarship_202
PhD Scholarship 203,PhD,3.36,"data,art",https://example.com/scholarship_203
PhD Scholarship 204,PhD,2.69,"design,computer,research,AI",https://example.com/scholarship_204
MBA Scholarship 205,MBA,2.52,"research,analytics,management",https://example.com/scholarship_205
MBA Scholarship 206,MBA,3.4,"science,tech",https://example.com/scholarship_206
BSc Scholarship 207,BSc,2.64,"data,creativity,robotics,art",https://example.com/scholarship_207
MBA Scholarship 208,MBA,3.28,"computer,management,leadership",https://example.com/scholarship_208
PhD Scholarship 209,PhD,2.85,"AI,leadership,design",https://example.com/scholarship_209
PhD Scholarship 210,PhD,2.58,"AI,programming,computer,robotics",https://example.com/scholarship_210
MBA Scholarship 211,MBA,3.81,"tech,design,data,computer",https://example.com/scholarship_211
MBA Scholarship 212,MBA,3.46,"analytics,computer,robotics",https://example.com/scholarship_212
MBA Scholarship 213,MBA,2.9,"science,programming,design,art",https://example.com/scholarship_213
PhD Scholarship 214,PhD,2.7,"tech,robotics",https://example.com/scholarship_214
BA Scholarship 215,BA,2.86,"management,tech,research",https://example.com/scholarship_215
BA Scholarship 216,BA,2.65,"creativity,design",https://example.com/scholarship_216
MSc Scholarship 217,MSc,3.08,"data,AI",https://example.com/scholarship_217
MSc Scholarship 218,MSc,3.59,"creativity,leadership,art,design",https://example.com/scholarship_218
BSc Scholarship 219,BSc,3.26,"data,robotics,AI",https://example.com/scholarship_219
PhD Scholarship 220,PhD,3.7,"robotics,programming,research,analytics",https://example.com/scholarship_220
PhD Scholarship 221,PhD,3.97,"design,research,tech,art",https://example.com/scholarship_221
PhD Scholarship 222,PhD,2.83,"leadership,analytics",https://example.com/scholarship_222
PhD Scholarship 223,PhD,3.56,"leadership,research,art,science",https://example.com/scholarship_223
PhD Scholarship 224,PhD,3.43,"art,creativity,leadership",https://example.com/scholarship_224
MBA Scholarship 225,MBA,3.89,"AI,science,computer,design",https://example.com/scholarship_225
BA Scholarship 226,BA,3.16,"creativity,leadership,research,data",https://example.com/scholarship_226
BA Scholarship 227,BA,3.52,"management,programming,art",https://example.com/scholarship_227
BA Scholarship 228,BA,3.2,"leadership,tech,AI,programming",https://example.com/scholarship_228
BA Scholarship 229,BA,3.75,"computer,management",https://example.com/scholarship_229
BA Scholarship 230,BA,3.27,"programming,analytics,research",https://example.com/scholarship_230
MBA Scholarship 231,MBA,2.6,"research,data,programming",https://example.com/scholarship_231
PhD Scholarship 232,PhD,2.71,"research,robotics,design,programming",https://example.com/scholarship_232
BA Scholarship 233,BA,3.97,"data,computer",https://example.com/scholarship_233
MBA Scholarship 234,MBA,2.53,"tech,data,design,robotics",https://example.com/scholarship_234
MSc Scholarship 235,MSc,3.61,"design,data",https://example.com/scholarship_235
PhD Scholarship 236,PhD,3.58,"robotics,creativity,AI",https://example.com/scholarship_236
BA Scholarship 237,BA,3.03,"programming,robotics,management",https://example.com/scholarship_237
MBA Scholarship 238,MBA,2.79,"leadership,computer,creativity",https://example.com/scholarship_238
MSc Scholarship 239,MSc,3.47,"design,science,management",https://example.com/scholarship_239
MBA Scholarship 240,MBA,3.19,"design,science",https://example.com/scholarship_240
BSc Scholarship 241,BSc,3.8,"art,computer,research,robotics",https://example.com/scholarship_241
BSc Scholarship 242,BSc,3.98,"robotics,programming,art,design",https://example.com/scholarship_242
MSc Scholarship 243,MSc,3.35,"art,data,analytics",https://example.com/scholarship_243
BSc Scholarship 244,BSc,3.65,"computer,creativity,leadership",https://example.com/scholarship_244
BSc Scholarship 245,BSc,3.3,"analytics,data,programming,design",https://example.com/scholarship_245
MSc Scholarship 246,MSc,3.56,"programming,research,data",https://example.com/scholarship_246
MSc Scholarship 247,MSc,3.61,"management,art,programming",https://example.com/scholarship_247
MBA Scholarship 248,MBA,3.44,"tech,AI",https://example.com/scholarship_248
BA Scholarship 249,BA,2.89,"analytics,design",https://example.com/scholarship_249
MSc Scholarship 250,MSc,3.49,"robotics,creativity,design",https://example.com/scholarship_250
BSc Scholarship 251,BSc,2.92,"robotics,analytics,computer",https://example.com/scholarship_251
MSc Scholarship 252,MSc,2.63,"data,robotics,creativity,AI",https://example.com/scholarship_252
MBA Scholarship 253,MBA,3.55,"AI,data,analytics",https://example.com/scholarship_253
BA Scholarship 254,BA,3.45,"AI,data",https://example.com/scholarship_254
PhD Scholarship 255,PhD,3.0,"creativity,leadership,management",https://example.com/scholarship_255
MBA Scholarship 256,MBA,3.44,"leadership,design",https://example.com/scholarship_256
MSc Scholarship 257,MSc,3.19,"programming,data",https://example.com/scholarship_257
MBA Scholarship 258,MBA,3.9,"robotics,leadership,computer",https://example.com/scholarship_258
PhD Scholarship 259,PhD,3.31,"robotics,leadership,science,computer",https://example.com/scholarship_259
MSc Scholarship 260,MSc,3.25,"robotics,leadership",https://example.com/scholarship_260
MSc Scholarship 261,MSc,2.96,"computer,programming,creativity",https://example.com/scholarship_261
MBA Scholarship 262,MBA,3.11,"research,science,art,data",https://example.com/scholarship_262
BA Scholarship 263,BA,2.71,"leadership,AI,design",https://example.com/scholarship_263
BSc Scholarship 264,BSc,2.59,"tech,computer,art",https://example.com/scholarship_264
MBA Scholarship 265,MBA,3.86,"tech,creativity,computer,data",https://example.com/scholarship_265
MBA Scholarship 266,MBA,2.97,"research,creativity,management,leadership",https://example.com/scholarship_266
BA Scholarship 267,BA,3.53,"programming,computer",https://example.com/scholarship_267
BSc Scholarship 268,BSc,2.75,"computer,data,robotics",https://example.com/scholarship_268
MSc Scholarship 269,MSc,2.68,"tech,management,science",https://example.com/scholarship_269
BSc Scholarship 270,BSc,2.79,"leadership,AI,tech",https://example.com/scholarship_270
BSc Scholarship 271,BSc,2.95,"management,design,analytics,research",https://example.com/scholarship_271
MSc Scholarship 272,MSc,3.98,"robotics,art",https://example.com/scholarship_272
MBA Scholarship 273,MBA,3.29,"computer,art",https://example.com/scholarship_273
MBA Scholarship 274,MBA,3.92,"tech,AI,computer,art",https://example.com/scholarship_274
MSc Scholarship 275,MSc,2.81,"programming,creativity",https://example.com/scholarship_275
BSc Scholarship 276,BSc,3.17,"programming,art,research",https://example.com/scholarship_276
BSc Scholarship 277,BSc,3.07,"research,robotics",https://example.com/scholarship_277
BSc Scholarship 278,BSc,3.96,"design,AI",https://example.com/scholarship_278
PhD Scholarship 279,PhD,3.22,"tech,design,leadership",https://example.com/scholarship_279
BSc Scholarship 280,BSc,3.08,"data,analytics,art",https://example.com/scholarship_280
MSc Scholarship 281,MSc,2.57,"management,leadership",https://example.com/scholarship_281
MBA Scholarship 282,MBA,3.82,"leadership,management,art,research",https://example.com/scholarship_282
BA Scholarship 283,BA,3.11,"science,computer,AI",https://example.com/scholarship_283
MSc Scholarship 284,MSc,3.55,"design,art,management,programming",https://example.com/scholarship_284
BSc Scholarship 285,BSc,3.72,"research,tech,computer,analytics",https://example.com/scholarship_285
BSc Scholarship 286,BSc,3.66,"programming,science",https://example.com/scholarship_286
BSc Scholarship 287,BSc,3.43,"tech,science",https://example.com/scholarship_287
MSc Scholarship 288,MSc,3.9,"science,data",https://example.com/scholarship_288
MSc Scholarship 289,MSc,3.26,"art,creativity,data,AI",https://example.com/scholarship_289
BSc Scholarship 290,BSc,3.81,"data,science,analytics,art",https://example.com/scholarship_290
BA Scholarship 291,BA,3.21,"research,creativity,computer",https://example.com/scholarship_291
MSc Scholarship 292,MSc,3.75,"management,AI,computer,art",https://example.com/scholarship_292
MBA Scholarship 293,MBA,3.15,"programming,data",https://example.com/scholarship_293
MSc Scholarship 294,MSc,2.87,"management,creativity,analytics",https://example.com/scholarship_294
PhD Scholarship 295,PhD,3.75,"design,computer,programming",https://example.com/scholarship_295
MBA Scholarship 296,MBA,3.08,"leadership,management,design,computer",https://example.com/scholarship_296
BA Scholarship 297,BA,3.42,"programming,tech,data",https://example.com/scholarship_297
PhD Scholarship 298,PhD,2.96,"data,research,programming",https://example.com/scholarship_298
MBA Scholarship 299,MBA,3.94,"AI,tech,analytics",https://example.com/scholarship_299
BSc Scholarship 300,BSc,2.79,"design,creativity",https://example.com/scholarship_300
BSc Scholarship 301,BSc,2.73,"science,research,leadership,robotics",https://example.com/scholarship_301
MBA Scholarship 302,MBA,3.9,"analytics,programming,robotics",https://example.com/scholarship_302
BA Scholarship 303,BA,3.66,"computer,tech",https://example.com/scholarship_303
BSc Scholarship 304,BSc,3.23,"science,robotics",https://example.com/scholarship_304
BA Scholarship 305,BA,2.95,"analytics,programming,science",https://example.com/scholarship_305
PhD Scholarship 306,PhD,2.74,"analytics,programming,robotics,creativity",https://example.com/scholarship_306
MBA Scholarship 307,MBA,3.38,"research,leadership,creativity",https://example.com/scholarship_307
BSc Scholarship 308,BSc,3.83,"art,robotics,leadership,AI",https://example.com/scholarship_308
MSc Scholarship 309,MSc,3.52,"research,design,analytics",https://example.com/scholarship_309
MSc Scholarship 310,MSc,2.65,"science,creativity,robotics",https://example.com/scholarship_310
BA Scholarship 311,BA,3.76,"leadership,tech,robotics",https://example.com/scholarship_311
BSc Scholarship 312,BSc,3.66,"creativity,analytics",https://example.com/scholarship_312
BA Scholarship 313,BA,2.67,"tech,science,AI",https://example.com/scholarship_313
BSc Scholarship 314,BSc,2.52,"robotics,AI,analytics,computer",https://example.com/scholarship_314
BSc Scholarship 315,BSc,3.35,"creativity,management",https://example.com/scholarship_315
BA Scholarship 316,BA,2.93,"robotics,art,analytics",https://example.com/scholarship_316
BSc Scholarship 317,BSc,2.91,"art,tech,management",https://example.com/scholarship_317
BSc Scholarship 318,BSc,3.33,"leadership,creativity,tech",https://example.com/scholarship_318
MSc Scholarship 319,MSc,3.72,"research,science,creativity",https://example.com/scholarship_319
BSc Scholarship 320,BSc,3.04,"design,art",https://example.com/scholarship_320
MSc Scholarship 321,MSc,3.74,"creativity,leadership,AI",https://example.com/scholarship_321
MSc Scholarship 322,MSc,3.52,"robotics,data,research",https://example.com/scholarship_322
MSc Scholarship 323,MSc,3.35,"robotics,creativity",https://example.com/scholarship_323
MSc Scholarship 324,MSc,3.2,"robotics,AI",https://example.com/scholarship_324
BSc Scholarship 325,BSc,2.58,"programming,creativity,art,robotics",https://example.com/scholarship_325
BSc Scholarship 326,BSc,3.83,"science,programming,art,creativity",https://example.com/scholarship_326
BSc Scholarship 327,BSc,2.51,"research,leadership,art,computer",https://example.com/scholarship_327
MSc Scholarship 328,MSc,2.69,"robotics,research,creativity",https://example.com/scholarship_328
MSc Scholarship 329,MSc,2.55,"AI,data,analytics",https://example.com/scholarship_329
MBA Scholarship 330,MBA,3.49,"leadership,research,creativity",https://example.com/scholarship_330
MSc Scholarship 331,MSc,3.98,"leadership,management,research,science",https://example.com/scholarship_331
MBA Scholarship 332,MBA,3.75,"research,creativity",https://example.com/scholarship_332
BSc Scholarship 333,BSc,3.87,"creativity,analytics",https://example.com/scholarship_333
BA Scholarship 334,BA,2.64,"design,management,science",https://example.com/scholarship_334
BSc Scholarship 335,BSc,2.69,"research,design,management,computer",https://example.com/scholarship_335
BSc Scholarship 336,BSc,2.92,"management,art,programming",https://example.com/scholarship_336
BSc Scholarship 337,BSc,3.65,"design,research,computer,programming",https://example.com/scholarship_337
MSc Scholarship 338,MSc,3.19,"data,computer",https://example.com/scholarship_338
MBA Scholarship 339,MBA,2.75,"computer,data,leadership,research",https://example.com/scholarship_339
BSc Scholarship 340,BSc,3.36,"management,programming",https://example.com/scholarship_340
BSc Scholarship 341,BSc,3.77,"programming,art,AI",https://example.com/scholarship_341
MBA Scholarship 342,MBA,2.77,"design,science,AI",https://example.com/scholarship_342
BA Scholarship 343,BA,3.31,"leadership,robotics,AI,art",https://example.com/scholarship_343
BA Scholarship 344,BA,2.76,"science,analytics",https://example.com/scholarship_344
BSc Scholarship 345,BSc,2.61,"programming,leadership,creativity",https://example.com/scholarship_345
PhD Scholarship 346,PhD,2.76,"design,computer,programming,data",https://example.com/scholarship_346
BA Scholarship 347,BA,3.41,"data,leadership,robotics,computer",https://example.com/scholarship_347
MSc Scholarship 348,MSc,3.83,"programming,data,management",https://example.com/scholarship_348
BSc Scholarship 349,BSc,3.97,"programming,robotics,science",https://example.com/scholarship_349
MBA Scholarship 350,MBA,3.96,"AI,leadership",https://example.com/scholarship_350
MBA Scholarship 351,MBA,3.95,"AI,creativity,programming,robotics",https://example.com/scholarship_351
MBA Scholarship 352,MBA,2.8,"management,tech,data",https://example.com/scholarship_352
MBA Scholarship 353,MBA,2.67,"robotics,analytics,leadership",https://example.com/scholarship_353
MBA Scholarship 354,MBA,3.8,"art,creativity",https://example.com/scholarship_354
BSc Scholarship 355,BSc,2.77,"science,analytics,art,management",https://example.com/scholarship_355
MBA Scholarship 356,MBA,2.96,"programming,research,tech",https://example.com/scholarship_356
MSc Scholarship 357,MSc,3.91,"design,analytics,management",https://example.com/scholarship_357
MBA Scholarship 358,MBA,3.51,"management,computer",https://example.com/scholarship_358
BSc Scholarship 359,BSc,3.5,"leadership,design",https://example.com/scholarship_359
BA Scholarship 360,BA,2.77,"tech,creativity,research",https://example.com/scholarship_360
PhD Scholarship 361,PhD,3.99,"leadership,science",https://example.com/scholarship_361
BA Scholarship 362,BA,3.77,"analytics,management,AI",https://example.com/scholarship_362
PhD Scholarship 363,PhD,3.56,"computer,leadership,tech",https://example.com/scholarship_363
MBA Scholarship 364,MBA,3.98,"leadership,management,data,AI",https://example.com/scholarship_364
MBA Scholarship 365,MBA,2.67,"programming,leadership,AI",https://example.com/scholarship_365
BA Scholarship 366,BA,2.59,"AI,tech,computer",https://example.com/scholarship_366
BSc Scholarship 367,BSc,2.53,"management,AI,leadership",https://example.com/scholarship_367
MSc Scholarship 368,MSc,3.04,"creativity,art,design,science",https://example.com/scholarship_368
BSc Scholarship 369,BSc,2.76,"programming,research,design,creativity",https://example.com/scholarship_369
MBA Scholarship 370,MBA,2.6,"tech,science",https://example.com/scholarship_370
MBA Scholarship 371,MBA,3.67,"robotics,design,science,research",https://example.com/scholarship_371
PhD Scholarship 372,PhD,3.43,"AI,science,data",https://example.com/scholarship_372
PhD Scholarship 373,PhD,2.94,"robotics,data,design,management",https://example.com/scholarship_373
MSc Scholarship 374,MSc,3.82,"analytics,programming",https://example.com/scholarship_374
PhD Scholarship 375,PhD,2.97,"creativity,robotics,AI,programming",https://example.com/scholarship_375
MBA Scholarship 376,MBA,3.69,"programming,analytics,data,AI",https://example.com/scholarship_376
PhD Scholarship 377,PhD,3.19,"art,management",https://example.com/scholarship_377
PhD Scholarship 378,PhD,3.06,"AI,creativity",https://example.com/scholarship_378
BSc Scholarship 379,BSc,2.84,"science,research,AI",https://example.com/scholarship_379
MBA Scholarship 380,MBA,3.27,"programming,science",https://example.com/scholarship_380
MSc Scholarship 381,MSc,3.15,"science,AI",https://example.com/scholarship_381
PhD Scholarship 382,PhD,2.67,"data,research,leadership,programming",https://example.com/scholarship_382
BSc Scholarship 383,BSc,2.6,"robotics,art",https://example.com/scholarship_383
PhD Scholarship 384,PhD,3.12,"creativity,research,management,design",https://example.com/scholarship_384
MSc Scholarship 385,MSc,3.06,"management,robotics,analytics",https://example.com/scholarship_385
PhD Scholarship 386,PhD,2.98,"data,leadership,robotics,creativity",https://example.com/scholarship_386
MBA Scholarship 387,MBA,2.92,"programming,science,management,creativity",https://example.com/scholarship_387
BA Scholarship 388,BA,2.74,"design,management,tech",https://example.com/scholarship_388
MBA Scholarship 389,MBA,3.65,"management,science,research",https://example.com/scholarship_389
BSc Scholarship 390,BSc,3.83,"tech,creativity,art,research",https://example.com/scholarship_390
BSc Scholarship 391,BSc,3.92,"management,analytics,data,programming",https://example.com/scholarship_391
MSc Scholarship 392,MSc,3.2,"data,management",https://example.com/scholarship_392
PhD Scholarship 393,PhD,3.62,"science,research,management,AI",https://example.com/scholarship_393
PhD Scholarship 394,PhD,3.03,"management,research",https://example.com/scholarship_394
PhD Scholarship 395,PhD,3.53,"research,data",https://example.com/scholarship_395
BA Scholarship 396,BA,3.75,"management,programming,research",https://example.com/scholarship_396
PhD Scholarship 397,PhD,2.78,"robotics,science,art,tech",https://example.com/scholarship_397
BSc Scholarship 398,BSc,2.8,"creativity,tech,robotics",https://example.com/scholarship_398
PhD Scholarship 399,PhD,3.14,"creativity,data,design",https://example.com/scholarship_399
MSc Scholarship 400,MSc,2.66,"robotics,tech",https://example.com/scholarship_400
BA Scholarship 401,BA,3.94,"programming,art",https://example.com/scholarship_401
PhD Scholarship 402,PhD,3.75,"management,computer,AI,research",https://example.com/scholarship_402
BA Scholarship 403,BA,3.6,"analytics,art",https://example.com/scholarship_403
MSc Scholarship 404,MSc,2.8,"management,computer",https://example.com/scholarship_404
MBA Scholarship 405,MBA,3.82,"leadership,creativity,data,research",https://example.com/scholarship_405
BSc Scholarship 406,BSc,2.9,"creativity,robotics,data",https://example.com/scholarship_406
PhD Scholarship 407,PhD,3.65,"analytics,computer",https://example.com/scholarship_407
BA Scholarship 408,BA,3.82,"research,management,programming",https://example.com/scholarship_408
MBA Scholarship 409,MBA,3.38,"leadership,design,research,science",https://example.com/scholarship_409
MBA Scholarship 410,MBA,3.48,"analytics,art,management,design",https://example.com/scholarship_410
PhD Scholarship 411,PhD,2.59,"analytics,art,creativity,design",https://example.com/scholarship_411
PhD Scholarship 412,PhD,3.3,"science,art,tech,leadership",https://example.com/scholarship_412
BSc Scholarship 413,BSc,3.16,"analytics,management,data",https://example.com/scholarship_413
PhD Scholarship 414,PhD,3.41,"creativity,computer,analytics",https://example.com/scholarship_414
BA Scholarship 415,BA,3.26,"design,robotics",https://example.com/scholarship_415
BSc Scholarship 416,BSc,2.79,"research,robotics",https://example.com/scholarship_416
MBA Scholarship 417,MBA,2.52,"AI,creativity,science,programming",https://example.com/scholarship_417
BA Scholarship 418,BA,2.56,"science,computer",https://example.com/scholarship_418
BA Scholarship 419,BA,3.42,"research,management",https://example.com/scholarship_419
PhD Scholarship 420,PhD,3.93,"design,management,robotics",https://example.com/scholarship_420
MBA Scholarship 421,MBA,2.93,"tech,design",https://example.com/scholarship_421
BSc Scholarship 422,BSc,2.93,"art,management,tech,programming",https://example.com/scholarship_422
PhD Scholarship 423,PhD,3.48,"management,creativity,leadership",https://example.com/scholarship_423
MBA Scholarship 424,MBA,3.08,"management,design,art",https://example.com/scholarship_424
MBA Scholarship 425,MBA,2.64,"art,robotics,science,management",https://example.com/scholarship_425
MSc Scholarship 426,MSc,2.63,"tech,art,management",https://example.com/scholarship_426
PhD Scholarship 427,PhD,3.32,"analytics,data,tech",https://example.com/scholarship_427
PhD Scholarship 428,PhD,3.37,"management,AI,analytics",https://example.com/scholarship_428
BA Scholarship 429,BA,3.18,"management,research",https://example.com/scholarship_429
BA Scholarship 430,BA,3.22,"leadership,analytics,science",https://example.com/scholarship_430
PhD Scholarship 431,PhD,3.77,"AI,creativity,design,management",https://example.com/scholarship_431
MBA Scholarship 432,MBA,2.79,"analytics,design",https://example.com/scholarship_432
BSc Scholarship 433,BSc,3.62,"science,robotics",https://example.com/scholarship_433
MSc Scholarship 434,MSc,2.62,"leadership,programming,research",https://example.com/scholarship_434
PhD Scholarship 435,PhD,3.25,"data,design,robotics",https://example.com/scholarship_435
PhD Scholarship 436,PhD,2.75,"robotics,research,creativity",https://example.com/scholarship_436
MSc Scholarship 437,MSc,3.91,"science,analytics,management,tech",https://example.com/scholarship_437
BA Scholarship 438,BA,2.52,"creativity,design,science,AI",https://example.com/scholarship_438
MBA Scholarship 439,MBA,3.26,"computer,research,data,management",https://example.com/scholarship_439
MSc Scholarship 440,MSc,2.69,"data,tech,programming",https://example.com/scholarship_440
BA Scholarship 441,BA,3.73,"robotics,tech,creativity,art",https://example.com/scholarship_441
PhD Scholarship 442,PhD,2.86,"programming,robotics",https://example.com/scholarship_442
MBA Scholarship 443,MBA,2.78,"data,management",https://example.com/scholarship_443
MBA Scholarship 444,MBA,3.86,"science,tech,leadership",https://example.com/scholarship_444
PhD Scholarship 445,PhD,3.03,"research,robotics",https://example.com/scholarship_445
MBA Scholarship 446,MBA,3.53,"research,computer,AI,science",https://example.com/scholarship_446
BA Scholarship 447,BA,2.71,"management,tech,research",https://example.com/scholarship_447
MBA Scholarship 448,MBA,2.88,"tech,data",https://example.com/scholarship_448
MSc Scholarship 449,MSc,3.11,"research,leadership",https://example.com/scholarship_449
MBA Scholarship 450,MBA,2.79,"AI,robotics",https://example.com/scholarship_450
BA Scholarship 451,BA,2.6,"creativity,analytics",https://example.com/scholarship_451
MBA Scholarship 452,MBA,3.33,"AI,data,design",https://example.com/scholarship_452
MBA Scholarship 453,MBA,3.73,"robotics,data",https://example.com/scholarship_453
PhD Scholarship 454,PhD,3.55,"robotics,leadership",https://example.com/scholarship_454
MBA Scholarship 455,MBA,3.86,"analytics,data",https://example.com/scholarship_455
PhD Scholarship 456,PhD,2.68,"design,robotics",https://example.com/scholarship_456
MSc Scholarship 457,MSc,2.94,"science,research,tech",https://example.com/scholarship_457
MSc Scholarship 458,MSc,3.07,"leadership,computer,creativity",https://example.com/scholarship_458
BA Scholarship 459,BA,2.9,"data,AI",https://example.com/scholarship_459
MBA Scholarship 460,MBA,3.78,"leadership,science,creativity,design",https://example.com/scholarship_460
MBA Scholarship 461,MBA,3.04,"design,robotics,AI",https://example.com/scholarship_461
BA Scholarship 462,BA,2.82,"computer,AI",https://example.com/scholarship_462
BSc Scholarship 463,BSc,2.62,"creativity,management,art",https://example.com/scholarship_463
BSc Scholarship 464,BSc,3.15,"leadership,tech",https://example.com/scholarship_464
BSc Scholarship 465,BSc,3.89,"design,management,analytics",https://example.com/scholarship_465
PhD Scholarship 466,PhD,3.9,"programming,creativity",https://example.com/scholarship_466
MBA Scholarship 467,MBA,3.98,"tech,art,analytics",https://example.com/scholarship_467
PhD Scholarship 468,PhD,3.74,"management,tech,science,computer",https://example.com/scholarship_468
MSc Scholarship 469,MSc,2.8,"data,leadership,science,creativity",https://example.com/scholarship_469
BA Scholarship 470,BA,3.16,"design,programming,research",https://example.com/scholarship_470
BSc Scholarship 471,BSc,3.15,"AI,design,management,programming",https://example.com/scholarship_471
PhD Scholarship 472,PhD,3.03,"science,management,programming,design",https://example.com/scholarship_472
MBA Scholarship 473,MBA,2.55,"science,robotics,leadership,tech",https://example.com/scholarship_473
MBA Scholarship 474,MBA,3.0,"robotics,analytics,management",https://example.com/scholarship_474
MBA Scholarship 475,MBA,3.56,"leadership,science,analytics,management",https://example.com/scholarship_475
MSc Scholarship 476,MSc,3.22,"science,tech,management,robotics",https://example.com/scholarship_476
MSc Scholarship 477,MSc,3.48,"data,tech,art,management",https://example.com/scholarship_477
BA Scholarship 478,BA,3.65,"data,computer,design",https://example.com/scholarship_478
BA Scholarship 479,BA,3.4,"computer,AI,analytics,creativity",https://example.com/scholarship_479
MSc Scholarship 480,MSc,3.78,"robotics,management,design,tech",https://example.com/scholarship_480
BSc Scholarship 481,BSc,3.89,"computer,creativity",https://example.com/scholarship_481
PhD Scholarship 482,PhD,2.71,"computer,AI,robotics",https://example.com/scholarship_482
BSc Scholarship 483,BSc,2.84,"robotics,design,science,AI",https://example.com/scholarship_483
MBA Scholarship 484,MBA,3.42,"leadership,data,robotics",https://example.com/scholarship_484
BA Scholarship 485,BA,3.44,"science,tech,management,art",https://example.com/scholarship_485
PhD Scholarship 486,PhD,3.41,"art,AI",https://example.com/scholarship_486
PhD Scholarship 487,PhD,2.55,"tech,AI,management,data",https://example.com/scholarship_487
MSc Scholarship 488,MSc,3.02,"computer,design,management",https://example.com/scholarship_488
BA Scholarship 489,BA,3.31,"analytics,computer",https://example.com/scholarship_489
BA Scholarship 490,BA,3.2,"leadership,analytics,creativity,design",https://example.com/scholarship_490
PhD Scholarship 491,PhD,3.28,"design,creativity,data",https://example.com/scholarship_491
BA Scholarship 492,BA,2.98,"art,AI",https://example.com/scholarship_492
BA Scholarship 493,BA,2.51,"research,management,tech",https://example.com/scholarship_493
BA Scholarship 494,BA,2.61,"programming,science,art,management",https://example.com/scholarship_494
MBA Scholarship 495,MBA,2.69,"computer,science,leadership,analytics",https://example.com/scholarship_495
MBA Scholarship 496,MBA,3.26,"management,creativity,AI",https://example.com/scholarship_496
PhD Scholarship 497,PhD,3.65,"computer,management",https://example.com/scholarship_497
MBA Scholarship 498,MBA,3.35,"computer,design,AI",https://example.com/scholarship_498
MBA Scholarship 499,MBA,3.8,"design,analytics,AI",https://example.com/scholarship_499
BA Scholarship 500,BA,3.11,"leadership,AI,data",https://example.com/scholarship_500
MSc Scholarship 501,MSc,3.43,"robotics,art,research,computer",https://example.com/scholarship_501
PhD Scholarship 502,PhD,2.95,"management,data,tech,research",https://example.com/scholarship_502
MBA Scholarship 503,MBA,3.17,"management,leadership",https://example.com/scholarship_503
MSc Scholarship 504,MSc,3.0,"robotics,programming,computer,management",https://example.com/scholarship_504
BA Scholarship 505,BA,2.59,"design,analytics,computer",https://example.com/scholarship_505
MBA Scholarship 506,MBA,3.4,"programming,data,design,leadership",https://example.com/scholarship_506
BA Scholarship 507,BA,3.31,"tech,science,programming,design",https://example.com/scholarship_507
BA Scholarship 508,BA,2.52,"research,programming",https://example.com/scholarship_508
BA Scholarship 509,BA,2.84,"AI,programming",https://example.com/scholarship_509
MBA Scholarship 510,MBA,3.18,"robotics,art,science",https://example.com/scholarship_510
MBA Scholarship 511,MBA,2.7,"science,analytics,data,art",https://example.com/scholarship_511
MSc Scholarship 512,MSc,3.13,"design,creativity,science,robotics",https://example.com/scholarship_512
MBA Scholarship 513,MBA,3.28,"research,management",https://example.com/scholarship_513
MBA Scholarship 514,MBA,2.55,"leadership,data,tech",https://example.com/scholarship_514
MSc Scholarship 515,MSc,3.89,"science,art,management,leadership",https://example.com/scholarship_515
MSc Scholarship 516,MSc,3.73,"robotics,analytics,art",https://example.com/scholarship_516
BSc Scholarship 517,BSc,2.99,"robotics,creativity,design,data",https://example.com/scholarship_517
PhD Scholarship 518,PhD,2.84,"tech,programming,management",https://example.com/scholarship_518
BSc Scholarship 519,BSc,3.7,"design,programming,computer,leadership",https://example.com/scholarship_519
PhD Scholarship 520,PhD,3.77,"design,research",https://example.com/scholarship_520
BA Scholarship 521,BA,3.3,"design,management,science",https://example.com/scholarship_521
PhD Scholarship 522,PhD,2.57,"design,computer",https://example.com/scholarship_522
MBA Scholarship 523,MBA,3.02,"creativity,management,research",https://example.com/scholarship_523
MBA Scholarship 524,MBA,3.3,"art,research,robotics,management",https://example.com/scholarship_524
MSc Scholarship 525,MSc,3.27,"leadership,analytics,science",https://example.com/scholarship_525
MSc Scholarship 526,MSc,3.61,"tech,computer,research,creativity",https://example.com/scholarship_526
MBA Scholarship 527,MBA,2.51,"leadership,design,robotics",https://example.com/scholarship_527
BA Scholarship 528,BA,3.33,"management,robotics,art",https://example.com/scholarship_528
MSc Scholarship 529,MSc,2.73,"management,robotics",https://example.com/scholarship_529
PhD Scholarship 530,PhD,2.86,"science,AI,computer",https://example.com/scholarship_530
MSc Scholarship 531,MSc,2.61,"science,AI,tech,computer",https://example.com/scholarship_531
BA Scholarship 532,BA,3.66,"AI,computer,robotics",https://example.com/scholarship_532
BSc Scholarship 533,BSc,3.62,"robotics,management",https://example.com/scholarship_533
BA Scholarship 534,BA,3.7,"science,tech",https://example.com/scholarship_534
MBA Scholarship 535,MBA,3.4,"art,analytics,programming,science",https://example.com/scholarship_535
MBA Scholarship 536,MBA,3.4,"research,creativity,analytics,science",https://example.com/scholarship_536
PhD Scholarship 537,PhD,3.01,"science,programming,AI",https://example.com/scholarship_537
BSc Scholarship 538,BSc,3.59,"design,tech,research,management",https://example.com/scholarship_538
MSc Scholarship 539,MSc,2.52,"creativity,programming,art,science",https://example.com/scholarship_539
PhD Scholarship 540,PhD,3.04,"science,programming",https://example.com/scholarship_540
MSc Scholarship 541,MSc,3.95,"tech,AI",https://example.com/scholarship_541
MSc Scholarship 542,MSc,2.78,"tech,design,creativity",https://example.com/scholarship_542
PhD Scholarship 543,PhD,3.39,"analytics,science",https://example.com/scholarship_543
PhD Scholarship 544,PhD,3.42,"AI,leadership,research,design",https://example.com/scholarship_544
MSc Scholarship 545,MSc,3.82,"art,leadership,creativity,science",https://example.com/scholarship_545
MSc Scholarship 546,MSc,2.78,"leadership,data,robotics,art",https://example.com/scholarship_546
BSc Scholarship 547,BSc,3.54,"science,leadership,art,programming",https://example.com/scholarship_547
MBA Scholarship 548,MBA,3.26,"science,creativity,leadership,art",https://example.com/scholarship_548
BA Scholarship 549,BA,2.65,"AI,analytics,art",https://example.com/scholarship_549
MBA Scholarship 550,MBA,2.63,"robotics,art,AI",https://example.com/scholarship_550
MBA Scholarship 551,MBA,2.89,"tech,art,analytics,computer",https://example.com/scholarship_551
MBA Scholarship 552,MBA,3.62,"art,programming,research",https://example.com/scholarship_552
MBA Scholarship 553,MBA,2.77,"computer,data,analytics,leadership",https://example.com/scholarship_553
MBA Scholarship 554,MBA,2.87,"tech,creativity,data,science",https://example.com/scholarship_554
MSc Scholarship 555,MSc,3.58,"analytics,data,management",https://example.com/scholarship_555
BSc Scholarship 556,BSc,3.05,"tech,computer",https://example.com/scholarship_556
PhD Scholarship 557,PhD,3.67,"science,analytics,robotics,programming",https://example.com/scholarship_557
PhD Scholarship 558,PhD,2.59,"science,management,design,art",https://example.com/scholarship_558
MBA Scholarship 559,MBA,3.82,"creativity,design",https://example.com/scholarship_559
BA Scholarship 560,BA,3.3,"art,research,data",https://example.com/scholarship_560
PhD Scholarship 561,PhD,3.87,"research,management",https://example.com/scholarship_561
PhD Scholarship 562,PhD,2.63,"creativity,art,science",https://example.com/scholarship_562
PhD Scholarship 563,PhD,2.72,"science,design,management,art",https://example.com/scholarship_563
PhD Scholarship 564,PhD,2.57,"data,leadership,tech,creativity",https://example.com/scholarship_564
BA Scholarship 565,BA,3.61,"design,robotics",https://example.com/scholarship_565
MBA Scholarship 566,MBA,3.53,"AI,data",https://example.com/scholarship_566
PhD Scholarship 567,PhD,2.53,"robotics,analytics,management,computer",https://example.com/scholarship_567
BA Scholarship 568,BA,2.99,"science,management,leadership",https://example.com/scholarship_568
BA Scholarship 569,BA,2.88,"programming,tech,robotics",https://example.com/scholarship_569
BSc Scholarship 570,BSc,3.71,"AI,tech,computer",https://example.com/scholarship_570
MBA Scholarship 571,MBA,3.33,"science,AI,robotics",https://example.com/scholarship_571
MBA Scholarship 572,MBA,3.46,"programming,design,computer",https://example.com/scholarship_572
BSc Scholarship 573,BSc,3.78,"leadership,art,robotics,creativity",https://example.com/scholarship_573
MBA Scholarship 574,MBA,3.46,"computer,analytics,science,art",https://example.com/scholarship_574
MSc Scholarship 575,MSc,3.83,"tech,leadership,research,programming",https://example.com/scholarship_575
MSc Scholarship 576,MSc,2.95,"leadership,science,research,computer",https://example.com/scholarship_576
MBA Scholarship 577,MBA,3.89,"tech,science",https://example.com/scholarship_577
PhD Scholarship 578,PhD,3.85,"robotics,research",https://example.com/scholarship_578
MSc Scholarship 579,MSc,3.39,"AI,analytics,computer,research",https://example.com/scholarship_579
BSc Scholarship 580,BSc,3.14,"management,leadership",https://example.com/scholarship_580
PhD Scholarship 581,PhD,3.16,"computer,tech",https://example.com/scholarship_581
MBA Scholarship 582,MBA,3.32,"analytics,programming,art,creativity",https://example.com/scholarship_582
BA Scholarship 583,BA,3.51,"design,science",https://example.com/scholarship_583
PhD Scholarship 584,PhD,3.09,"analytics,design,AI",https://example.com/scholarship_584
MBA Scholarship 585,MBA,3.33,"leadership,art,computer,AI",https://example.com/scholarship_585
PhD Scholarship 586,PhD,3.91,"design,robotics",https://example.com/scholarship_586
BA Scholarship 587,BA,2.59,"science,art,analytics",https://example.com/scholarship_587
BSc Scholarship 588,BSc,2.9,"research,leadership,AI,tech",https://example.com/scholarship_588
BSc Scholarship 589,BSc,3.6,"science,creativity,management,AI",https://example.com/scholarship_589
BSc Scholarship 590,BSc,2.62,"robotics,leadership,science,AI",https://example.com/scholarship_590
MSc Scholarship 591,MSc,3.31,"art,management,tech,science",https://example.com/scholarship_591
MBA Scholarship 592,MBA,3.75,"data,analytics,robotics",https://example.com/scholarship_592
BSc Scholarship 593,BSc,3.49,"leadership,programming",https://example.com/scholarship_593
BA Scholarship 594,BA,3.78,"art,leadership,creativity",https://example.com/scholarship_594
BA Scholarship 595,BA,3.63,"data,management,analytics,creativity",https://example.com/scholarship_595
BSc Scholarship 596,BSc,3.97,"management,leadership,art",https://example.com/scholarship_596
BSc Scholarship 597,BSc,3.66,"tech,research,science,art",https://example.com/scholarship_597
BA Scholarship 598,BA,2.51,"art,robotics,design",https://example.com/scholarship_598
BSc Scholarship 599,BSc,3.87,"creativity,art,analytics",https://example.com/scholarship_599
MSc Scholarship 600,MSc,2.69,"tech,science",https://example.com/scholarship_600
MBA Scholarship 601,MBA,3.8,"tech,management,computer",https://example.com/scholarship_601
BSc Scholarship 602,BSc,3.61,"creativity,programming,data,analytics",https://example.com/scholarship_602
MBA Scholarship 603,MBA,3.84,"data,design",https://example.com/scholarship_603
BA Scholarship 604,BA,3.0,"data,creativity,robotics",https://example.com/scholarship_604
BA Scholarship 605,BA,3.18,"design,leadership",https://example.com/scholarship_605
PhD Scholarship 606,PhD,3.13,"robotics,computer",https://example.com/scholarship_606
BSc Scholarship 607,BSc,3.34,"art,leadership,robotics,data",https://example.com/scholarship_607
MBA Scholarship 608,MBA,3.37,"analytics,robotics,science,data",https://example.com/scholarship_608
MSc Scholarship 609,MSc,2.86,"tech,management",https://example.com/scholarship_609
MBA Scholarship 610,MBA,3.47,"computer,science,programming,AI",https://example.com/scholarship_610
MSc Scholarship 611,MSc,2.54,"management,creativity,computer,science",https://example.com/scholarship_611
BSc Scholarship 612,BSc,3.58,"art,creativity,programming,research",https://example.com/scholarship_612
MSc Scholarship 613,MSc,2.88,"computer,design,art",https://example.com/scholarship_613
MBA Scholarship 614,MBA,3.96,"leadership,creativity",https://example.com/scholarship_614
BSc Scholarship 615,BSc,3.45,"management,research,analytics",https://example.com/scholarship_615
MSc Scholarship 616,MSc,3.83,"robotics,analytics",https://example.com/scholarship_616
MBA Scholarship 617,MBA,2.64,"management,leadership",https://example.com/scholarship_617
PhD Scholarship 618,PhD,3.19,"analytics,data",https://example.com/scholarship_618
MBA Scholarship 619,MBA,3.77,"management,programming",https://example.com/scholarship_619
MSc Scholarship 620,MSc,2.95,"programming,AI",https://example.com/scholarship_620
PhD Scholarship 621,PhD,3.5,"tech,AI",https://example.com/scholarship_621
PhD Scholarship 622,PhD,3.67,"leadership,programming,art",https://example.com/scholarship_622
BA Scholarship 623,BA,3.96,"data,robotics",https://example.com/scholarship_623
BSc Scholarship 624,BSc,2.99,"robotics,design",https://example.com/scholarship_624
BA Scholarship 625,BA,2.77,"research,art,creativity",https://example.com/scholarship_625
MSc Scholarship 626,MSc,3.98,"programming,computer,creativity,art",https://example.com/scholarship_626
PhD Scholarship 627,PhD,2.71,"design,robotics,leadership",https://example.com/scholarship_627
MSc Scholarship 628,MSc,3.95,"design,art,research,data",https://example.com/scholarship_628
MSc Scholarship 629,MSc,2.56,"programming,leadership",https://example.com/scholarship_629
BSc Scholarship 630,BSc,3.44,"computer,AI",https://example.com/scholarship_630
MSc Scholarship 631,MSc,2.67,"analytics,robotics",https://example.com/scholarship_631
PhD Scholarship 632,PhD,3.43,"robotics,management,computer",https://example.com/scholarship_632
MBA Scholarship 633,MBA,2.95,"research,programming",https://example.com/scholarship_633
MSc Scholarship 634,MSc,3.66,"research,data,robotics,science",https://example.com/scholarship_634
MBA Scholarship 635,MBA,3.01,"data,AI,research",https://example.com/scholarship_635
BA Scholarship 636,BA,3.81,"tech,leadership,creativity",https://example.com/scholarship_636
BA Scholarship 637,BA,2.81,"leadership,computer",https://example.com/scholarship_637
BSc Scholarship 638,BSc,3.47,"leadership,science,programming,analytics",https://example.com/scholarship_638
MBA Scholarship 639,MBA,3.9,"research,analytics,tech",https://example.com/scholarship_639
PhD Scholarship 640,PhD,3.91,"programming,research,data",https://example.com/scholarship_640
BA Scholarship 641,BA,3.19,"design,science,research",https://example.com/scholarship_641
MBA Scholarship 642,MBA,2.62,"design,art",https://example.com/scholarship_642
PhD Scholarship 643,PhD,2.99,"robotics,design",https://example.com/scholarship_643
MBA Scholarship 644,MBA,3.31,"management,creativity,art,tech",https://example.com/scholarship_644
BA Scholarship 645,BA,2.55,"art,science,programming,design",https://example.com/scholarship_645
PhD Scholarship 646,PhD,3.38,"art,science,leadership,management",https://example.com/scholarship_646
BSc Scholarship 647,BSc,2.99,"data,design",https://example.com/scholarship_647
PhD Scholarship 648,PhD,3.39,"robotics,data,management",https://example.com/scholarship_648
MBA Scholarship 649,MBA,3.89,"leadership,tech",https://example.com/scholarship_649
MBA Scholarship 650,MBA,2.62,"research,tech,design,art",https://example.com/scholarship_650
PhD Scholarship 651,PhD,2.81,"analytics,programming,data",https://example.com/scholarship_651
BSc Scholarship 652,BSc,2.63,"art,computer,tech",https://example.com/scholarship_652
BA Scholarship 653,BA,3.87,"data,art",https://example.com/scholarship_653
BSc Scholarship 654,BSc,3.17,"management,science,art,tech",https://example.com/scholarship_654
BSc Scholarship 655,BSc,2.74,"computer,robotics,tech,analytics",https://example.com/scholarship_655
BA Scholarship 656,BA,3.16,"science,robotics,research,programming",https://example.com/scholarship_656
BA Scholarship 657,BA,3.08,"analytics,art,computer",https://example.com/scholarship_657
MSc Scholarship 658,MSc,3.9,"science,tech,data,analytics",https://example.com/scholarship_658
BA Scholarship 659,BA,2.56,"tech,science",https://example.com/scholarship_659
BA Scholarship 660,BA,3.16,"tech,computer,AI",https://example.com/scholarship_660
MSc Scholarship 661,MSc,2.66,"research,robotics",https://example.com/scholarship_661
BSc Scholarship 662,BSc,3.92,"analytics,robotics,AI,creativity",https://example.com/scholarship_662
MSc Scholarship 663,MSc,3.52,"creativity,art,management",https://example.com/scholarship_663
PhD Scholarship 664,PhD,3.93,"design,management,data",https://example.com/scholarship_664
BA Scholarship 665,BA,2.68,"tech,computer",https://example.com/scholarship_665
MSc Scholarship 666,MSc,3.87,"AI,research",https://example.com/scholarship_666
BSc Scholarship 667,BSc,3.54,"creativity,computer",https://example.com/scholarship_667
MBA Scholarship 668,MBA,3.92,"design,art,management,data",https://example.com/scholarship_668
MSc Scholarship 669,MSc,3.63,"art,leadership",https://example.com/scholarship_669
MSc Scholarship 670,MSc,3.59,"leadership,analytics,AI",https://example.com/scholarship_670
PhD Scholarship 671,PhD,2.82,"research,creativity,robotics,tech",https://example.com/scholarship_671
MSc Scholarship 672,MSc,2.51,"design,tech,art,data",https://example.com/scholarship_672
MBA Scholarship 673,MBA,3.2,"leadership,data,programming",https://example.com/scholarship_673
BSc Scholarship 674,BSc,3.5,"robotics,programming,leadership",https://example.com/scholarship_674
MSc Scholarship 675,MSc,3.61,"data,robotics,management",https://example.com/scholarship_675
PhD Scholarship 676,PhD,2.52,"tech,art,data",https://example.com/scholarship_676
BSc Scholarship 677,BSc,2.84,"robotics,AI,creativity,leadership",https://example.com/scholarship_677
MBA Scholarship 678,MBA,3.36,"AI,science",https://example.com/scholarship_678
MSc Scholarship 679,MSc,3.27,"computer,design,AI",https://example.com/scholarship_679
MSc Scholarship 680,MSc,3.87,"tech,design,creativity",https://example.com/scholarship_680
MSc Scholarship 681,MSc,3.59,"tech,management",https://example.com/scholarship_681
PhD Scholarship 682,PhD,3.85,"tech,leadership,programming,management",https://example.com/scholarship_682
PhD Scholarship 683,PhD,2.79,"analytics,programming,robotics",https://example.com/scholarship_683
PhD Scholarship 684,PhD,2.86,"design,creativity",https://example.com/scholarship_684
MSc Scholarship 685,MSc,3.09,"design,data,tech,robotics",https://example.com/scholarship_685
MSc Scholarship 686,MSc,2.62,"leadership,analytics,AI",https://example.com/scholarship_686
MSc Scholarship 687,MSc,3.55,"management,design,robotics,research",https://example.com/scholarship_687
PhD Scholarship 688,PhD,3.98,"science,analytics,robotics,management",https://example.com/scholarship_688
BSc Scholarship 689,BSc,2.81,"leadership,creativity",https://example.com/scholarship_689
MSc Scholarship 690,MSc,3.71,"computer,AI,art",https://example.com/scholarship_690
BSc Scholarship 691,BSc,2.61,"data,leadership,programming,AI",https://example.com/scholarship_691
MSc Scholarship 692,MSc,3.53,"data,analytics,programming",https://example.com/scholarship_692
MSc Scholarship 693,MSc,3.3,"creativity,data,tech,programming",https://example.com/scholarship_693
BA Scholarship 694,BA,3.15,"science,research,computer",https://example.com/scholarship_694
PhD Scholarship 695,PhD,3.82,"tech,science",https://example.com/scholarship_695
PhD Scholarship 696,PhD,3.7,"data,programming,creativity,management",https://example.com/scholarship_696
PhD Scholarship 697,PhD,3.98,"science,computer,robotics,creativity",https://example.com/scholarship_697
PhD Scholarship 698,PhD,3.72,"robotics,AI,design,science",https://example.com/scholarship_698
BSc Scholarship 699,BSc,3.76,"leadership,programming",https://example.com/scholarship_699
PhD Scholarship 700,PhD,3.84,"robotics,creativity",https://example.com/scholarship_700
PhD Scholarship 701,PhD,2.96,"science,AI,creativity",https://example.com/scholarship_701
MSc Scholarship 702,MSc,2.96,"AI,research,design,data",https://example.com/scholarship_702
PhD Scholarship 703,PhD,2.58,"creativity,leadership",https://example.com/scholarship_703
MSc Scholarship 704,MSc,3.0,"leadership,analytics,programming",https://example.com/scholarship_704
BA Scholarship 705,BA,3.24,"data,research",https://example.com/scholarship_705
PhD Scholarship 706,PhD,3.57,"design,robotics",https://example.com/scholarship_706
PhD Scholarship 707,PhD,3.49,"AI,tech,analytics",https://example.com/scholarship_707
BA Scholarship 708,BA,3.51,"robotics,art",https://example.com/scholarship_708
BA Scholarship 709,BA,2.53,"design,robotics,creativity,tech",https://example.com/scholarship_709
PhD Scholarship 710,PhD,4.0,"programming,robotics,leadership,research",https://example.com/scholarship_710
MSc Scholarship 711,MSc,3.49,"computer,analytics,creativity,tech",https://example.com/scholarship_711
MSc Scholarship 712,MSc,3.38,"science,research",https://example.com/scholarship_712
PhD Scholarship 713,PhD,2.55,"analytics,robotics",https://example.com/scholarship_713
BSc Scholarship 714,BSc,3.09,"data,tech",https://example.com/scholarship_714
MSc Scholarship 715,MSc,3.5,"computer,research",https://example.com/scholarship_715
MSc Scholarship 716,MSc,3.76,"leadership,science",https://example.com/scholarship_716
MSc Scholarship 717,MSc,2.93,"analytics,management",https://example.com/scholarship_717
BA Scholarship 718,BA,2.64,"research,science,design,robotics",https://example.com/scholarship_718
PhD Scholarship 719,PhD,3.97,"AI,art",https://example.com/scholarship_719
BSc Scholarship 720,BSc,3.36,"robotics,analytics,data,art",https://example.com/scholarship_720
MBA Scholarship 721,MBA,2.56,"science,data",https://example.com/scholarship_721
BSc Scholarship 722,BSc,3.26,"art,analytics,computer,robotics",https://example.com/scholarship_722
BSc Scholarship 723,BSc,3.21,"robotics,research",https://example.com/scholarship_723
BSc Scholarship 724,BSc,2.99,"AI,art,research,analytics",https://example.com/scholarship_724
MSc Scholarship 725,MSc,3.07,"management,art,robotics,science",https://example.com/scholarship_725
BSc Scholarship 726,BSc,3.12,"analytics,management",https://example.com/scholarship_726
BSc Scholarship 727,BSc,3.31,"art,robotics,design,AI",https://example.com/scholarship_727
MSc Scholarship 728,MSc,2.67,"analytics,art,design,computer",https://example.com/scholarship_728
PhD Scholarship 729,PhD,2.81,"programming,leadership",https://example.com/scholarship_729
BSc Scholarship 730,BSc,3.44,"science,leadership,analytics",https://example.com/scholarship_730
MBA Scholarship 731,MBA,2.96,"research,leadership,management",https://example.com/scholarship_731
MBA Scholarship 732,MBA,3.06,"robotics,creativity",https://example.com/scholarship_732
MSc Scholarship 733,MSc,2.76,"data,design,robotics,management",https://example.com/scholarship_733
MBA Scholarship 734,MBA,2.65,"robotics,AI",https://example.com/scholarship_734
MSc Scholarship 735,MSc,3.8,"science,design",https://example.com/scholarship_735
MSc Scholarship 736,MSc,3.69,"creativity,analytics,tech,design",https://example.com/scholarship_736
PhD Scholarship 737,PhD,2.51,"research,AI,data,leadership",https://example.com/scholarship_737
PhD Scholarship 738,PhD,3.92,"design,analytics,creativity",https://example.com/scholarship_738
PhD Scholarship 739,PhD,3.32,"data,analytics,tech,AI",https://example.com/scholarship_739
PhD Scholarship 740,PhD,3.33,"analytics,art,computer",https://example.com/scholarship_740
PhD Scholarship 741,PhD,3.33,"art,data",https://example.com/scholarship_741
BSc Scholarship 742,BSc,3.65,"design,creativity",https://example.com/scholarship_742
BSc Scholarship 743,BSc,3.6,"computer,design",https://example.com/scholarship_743
PhD Scholarship 744,PhD,3.84,"leadership,research",https://example.com/scholarship_744
MBA Scholarship 745,MBA,3.71,"AI,design",https://example.com/scholarship_745
BA Scholarship 746,BA,2.77,"tech,leadership,design,art",https://example.com/scholarship_746
MSc Scholarship 747,MSc,3.38,"analytics,programming,data",https://example.com/scholarship_747
MSc Scholarship 748,MSc,3.29,"programming,tech",https://example.com/scholarship_748
MSc Scholarship 749,MSc,2.91,"science,research",https://example.com/scholarship_749
BSc Scholarship 750,BSc,3.3,"management,analytics,design",https://example.com/scholarship_750
MBA Scholarship 751,MBA,2.81,"art,data",https://example.com/scholarship_751
MBA Scholarship 752,MBA,2.72,"analytics,research",https://example.com/scholarship_752
BSc Scholarship 753,BSc,2.76,"tech,analytics",https://example.com/scholarship_753
PhD Scholarship 754,PhD,3.58,"research,science,programming,art",https://example.com/scholarship_754
MBA Scholarship 755,MBA,2.69,"creativity,tech,science,management",https://example.com/scholarship_755
MSc Scholarship 756,MSc,2.62,"tech,research",https://example.com/scholarship_756
PhD Scholarship 757,PhD,2.89,"design,research",https://example.com/scholarship_757
MSc Scholarship 758,MSc,2.78,"creativity,design,robotics,AI",https://example.com/scholarship_758
MSc Scholarship 759,MSc,2.56,"creativity,robotics",https://example.com/scholarship_759
MSc Scholarship 760,MSc,3.33,"management,data",https://example.com/scholarship_760
BA Scholarship 761,BA,2.8,"AI,analytics",https://example.com/scholarship_761
MSc Scholarship 762,MSc,2.69,"creativity,design,AI,art",https://example.com/scholarship_762
BSc Scholarship 763,BSc,3.81,"tech,art,management",https://example.com/scholarship_763
PhD Scholarship 764,PhD,2.82,"science,tech,creativity",https://example.com/scholarship_764
PhD Scholarship 765,PhD,3.34,"design,art",https://example.com/scholarship_765
PhD Scholarship 766,PhD,2.76,"programming,computer",https://example.com/scholarship_766
BSc Scholarship 767,BSc,3.45,"robotics,science",https://example.com/scholarship_767
BA Scholarship 768,BA,3.19,"computer,art,science,robotics",https://example.com/scholarship_768
BSc Scholarship 769,BSc,2.9,"design,analytics,management,computer",https://example.com/scholarship_769
BA Scholarship 770,BA,3.64,"management,analytics,design,creativity",https://example.com/scholarship_770
MBA Scholarship 771,MBA,2.86,"design,AI,management",https://example.com/scholarship_771
BA Scholarship 772,BA,3.42,"leadership,analytics,tech,creativity",https://example.com/scholarship_772
MSc Scholarship 773,MSc,2.78,"research,tech,management,AI",https://example.com/scholarship_773
BSc Scholarship 774,BSc,3.7,"research,leadership,design,science",https://example.com/scholarship_774
MBA Scholarship 775,MBA,2.64,"tech,AI,art",https://example.com/scholarship_775
PhD Scholarship 776,PhD,3.32,"art,analytics,research,science",https://example.com/scholarship_776
MBA Scholarship 777,MBA,3.79,"creativity,design",https://example.com/scholarship_777
BA Scholarship 778,BA,2.9,"analytics,programming,computer",https://example.com/scholarship_778
BSc Scholarship 779,BSc,3.2,"research,tech,computer,design",https://example.com/scholarship_779
MBA Scholarship 780,MBA,3.71,"management,research,AI,robotics",https://example.com/scholarship_780
BA Scholarship 781,BA,2.94,"tech,leadership",https://example.com/scholarship_781
MSc Scholarship 782,MSc,3.61,"computer,analytics,science",https://example.com/scholarship_782
BA Scholarship 783,BA,3.42,"programming,design",https://example.com/scholarship_783
BSc Scholarship 784,BSc,2.64,"tech,analytics,research",https://example.com/scholarship_784
BA Scholarship 785,BA,3.63,"tech,science",https://example.com/scholarship_785
MBA Scholarship 786,MBA,3.02,"science,data,AI",https://example.com/scholarship_786
BSc Scholarship 787,BSc,3.12,"leadership,robotics,science,programming",https://example.com/scholarship_787
BA Scholarship 788,BA,3.83,"leadership,research,programming,AI",https://example.com/scholarship_788
BA Scholarship 789,BA,3.33,"tech,management,data",https://example.com/scholarship_789
BA Scholarship 790,BA,4.0,"creativity,design,science",https://example.com/scholarship_790
BSc Scholarship 791,BSc,2.65,"computer,creativity",https://example.com/scholarship_791
MBA Scholarship 792,MBA,3.91,"art,design,research",https://example.com/scholarship_792
PhD Scholarship 793,PhD,2.98,"AI,analytics",https://example.com/scholarship_793
MSc Scholarship 794,MSc,3.98,"science,design,computer,creativity",https://example.com/scholarship_794
BSc Scholarship 795,BSc,3.78,"design,leadership",https://example.com/scholarship_795
BA Scholarship 796,BA,3.53,"art,design,computer,data",https://example.com/scholarship_796
PhD Scholarship 797,PhD,3.33,"tech,robotics,data",https://example.com/scholarship_797
BSc Scholarship 798,BSc,2.88,"robotics,science,leadership",https://example.com/scholarship_798
MSc Scholarship 799,MSc,2.55,"computer,management,AI",https://example.com/scholarship_799
BSc Scholarship 800,BSc,3.32,"data,science,art",https://example.com/scholarship_800
BSc Scholarship 801,BSc,2.56,"design,creativity,research,tech",https://example.com/scholarship_801
MBA Scholarship 802,MBA,3.63,"computer,design,programming,robotics",https://example.com/scholarship_802
BA Scholarship 803,BA,3.32,"science,analytics,robotics,art",https://example.com/scholarship_803
MSc Scholarship 804,MSc,2.64,"creativity,leadership",https://example.com/scholarship_804
BSc Scholarship 805,BSc,2.94,"research,creativity,tech",https://example.com/scholarship_805
PhD Scholarship 806,PhD,3.22,"creativity,AI,design",https://example.com/scholarship_806
MSc Scholarship 807,MSc,2.71,"robotics,art,computer,creativity",https://example.com/scholarship_807
MSc Scholarship 808,MSc,2.97,"research,management",https://example.com/scholarship_808
MSc Scholarship 809,MSc,3.25,"AI,data,management",https://example.com/scholarship_809
MSc Scholarship 810,MSc,3.16,"creativity,computer,management,science",https://example.com/scholarship_810
PhD Scholarship 811,PhD,2.99,"science,design,programming",https://example.com/scholarship_811
BA Scholarship 812,BA,3.07,"AI,robotics,creativity,computer",https://example.com/scholarship_812
MBA Scholarship 813,MBA,3.67,"tech,data,robotics,research",https://example.com/scholarship_813
MBA Scholarship 814,MBA,2.83,"AI,tech",https://example.com/scholarship_814
MBA Scholarship 815,MBA,3.4,"leadership,data,programming,research",https://example.com/scholarship_815
MSc Scholarship 816,MSc,2.53,"management,computer,leadership,design",https://example.com/scholarship_816
BSc Scholarship 817,BSc,2.88,"art,programming,analytics,data",https://example.com/scholarship_817
MBA Scholarship 818,MBA,3.22,"robotics,art",https://example.com/scholarship_818
MBA Scholarship 819,MBA,2.9,"computer,programming,leadership",https://example.com/scholarship_819
BA Scholarship 820,BA,3.74,"design,data,programming,science",https://example.com/scholarship_820
BA Scholarship 821,BA,3.43,"creativity,robotics,AI,analytics",https://example.com/scholarship_821
MBA Scholarship 822,MBA,3.97,"computer,analytics,robotics,programming",https://example.com/scholarship_822
BA Scholarship 823,BA,3.32,"AI,analytics",https://example.com/scholarship_823
BSc Scholarship 824,BSc,3.94,"AI,management,design",https://example.com/scholarship_824
BA Scholarship 825,BA,3.26,"art,tech",https://example.com/scholarship_825
BSc Scholarship 826,BSc,3.02,"analytics,tech,management",https://example.com/scholarship_826
BSc Scholarship 827,BSc,3.63,"leadership,analytics,computer",https://example.com/scholarship_827
BSc Scholarship 828,BSc,3.44,"science,programming",https://example.com/scholarship_828
MBA Scholarship 829,MBA,3.94,"robotics,tech,art,research",https://example.com/scholarship_829
MBA Scholarship 830,MBA,2.93,"art,programming",https://example.com/scholarship_830
PhD Scholarship 831,PhD,3.88,"design,leadership,computer",https://example.com/scholarship_831
MSc Scholarship 832,MSc,2.78,"leadership,creativity",https://example.com/scholarship_832
BA Scholarship 833,BA,2.65,"robotics,leadership,tech",https://example.com/scholarship_833
MSc Scholarship 834,MSc,3.72,"art,leadership",https://example.com/scholarship_834
MBA Scholarship 835,MBA,2.52,"leadership,management,tech",https://example.com/scholarship_835
PhD Scholarship 836,PhD,3.14,"design,research,creativity",https://example.com/scholarship_836
PhD Scholarship 837,PhD,2.55,"AI,computer,creativity",https://example.com/scholarship_837
PhD Scholarship 838,PhD,2.56,"management,science,art",https://example.com/scholarship_838
PhD Scholarship 839,PhD,2.71,"computer,science,tech",https://example.com/scholarship_839
PhD Scholarship 840,PhD,3.41,"design,leadership,science,analytics",https://example.com/scholarship_840
MSc Scholarship 841,MSc,3.21,"art,computer,programming,tech",https://example.com/scholarship_841
BSc Scholarship 842,BSc,2.63,"design,tech",https://example.com/scholarship_842
MSc Scholarship 843,MSc,3.06,"data,robotics",https://example.com/scholarship_843
BSc Scholarship 844,BSc,2.55,"robotics,computer,design",https://example.com/scholarship_844
BSc Scholarship 845,BSc,3.42,"design,art",https://example.com/scholarship_845
PhD Scholarship 846,PhD,3.22,"art,design,programming",https://example.com/scholarship_846
MSc Scholarship 847,MSc,2.51,"science,research,AI",https://example.com/scholarship_847
BSc Scholarship 848,BSc,2.84,"programming,research,data,computer",https://example.com/scholarship_848
BA Scholarship 849,BA,3.41,"design,data,art,management",https://example.com/scholarship_849
BA Scholarship 850,BA,3.48,"leadership,analytics,art,robotics",https://example.com/scholarship_850
BA Scholarship 851,BA,2.92,"tech,science",https://example.com/scholarship_851
BSc Scholarship 852,BSc,3.03,"tech,data,management,science",https://example.com/scholarship_852
MBA Scholarship 853,MBA,2.66,"robotics,creativity,art",https://example.com/scholarship_853
PhD Scholarship 854,PhD,3.19,"programming,data,robotics",https://example.com/scholarship_854
MSc Scholarship 855,MSc,2.7,"robotics,analytics,data,science",https://example.com/scholarship_855
MSc Scholarship 856,MSc,3.5,"data,programming",https://example.com/scholarship_856
BA Scholarship 857,BA,3.5,"programming,science,design,analytics",https://example.com/scholarship_857
BA Scholarship 858,BA,2.8,"computer,science",https://example.com/scholarship_858
PhD Scholarship 859,PhD,3.02,"management,design,research,programming",https://example.com/scholarship_859
MSc Scholarship 860,MSc,3.16,"leadership,data",https://example.com/scholarship_860
MSc Scholarship 861,MSc,2.81,"creativity,data,programming,management",https://example.com/scholarship_861
MBA Scholarship 862,MBA,2.82,"data,research,design",https://example.com/scholarship_862
MSc Scholarship 863,MSc,3.24,"tech,AI,creativity,data",https://example.com/scholarship_863
BA Scholarship 864,BA,2.74,"analytics,leadership,creativity",https://example.com/scholarship_864
MBA Scholarship 865,MBA,3.05,"design,computer",https://example.com/scholarship_865
MBA Scholarship 866,MBA,2.79,"leadership,data,AI",https://example.com/scholarship_866
MSc Scholarship 867,MSc,3.69,"programming,art,tech",https://example.com/scholarship_867
MBA Scholarship 868,MBA,3.27,"art,tech",https://example.com/scholarship_868
PhD Scholarship 869,PhD,3.47,"management,AI,data",https://example.com/scholarship_869
BSc Scholarship 870,BSc,3.91,"management,art,computer",https://example.com/scholarship_870
PhD Scholarship 871,PhD,2.71,"research,management,AI",https://example.com/scholarship_871
MSc Scholarship 872,MSc,2.53,"analytics,creativity,tech",https://example.com/scholarship_872
MBA Scholarship 873,MBA,2.51,"AI,art",https://example.com/scholarship_873
MBA Scholarship 874,MBA,3.16,"AI,robotics,research",https://example.com/scholarship_874
PhD Scholarship 875,PhD,3.98,"programming,leadership,design",https://example.com/scholarship_875
BSc Scholarship 876,BSc,2.84,"computer,science",https://example.com/scholarship_876
MSc Scholarship 877,MSc,3.8,"leadership,robotics,science",https://example.com/scholarship_877
BSc Scholarship 878,BSc,3.34,"analytics,computer,creativity,research",https://example.com/scholarship_878
BA Scholarship 879,BA,3.72,"science,AI,design",https://example.com/scholarship_879
BSc Scholarship 880,BSc,2.66,"computer,design",https://example.com/scholarship_880
BSc Scholarship 881,BSc,3.15,"management,programming,leadership,research",https://example.com/scholarship_881
BA Scholarship 882,BA,2.88,"leadership,tech,analytics",https://example.com/scholarship_882
BSc Scholarship 883,BSc,3.8,"science,robotics,AI",https://example.com/scholarship_883
MBA Scholarship 884,MBA,3.7,"leadership,research,programming,science",https://example.com/scholarship_884
BSc Scholarship 885,BSc,3.95,"design,research",https://example.com/scholarship_885
MSc Scholarship 886,MSc,2.66,"analytics,AI,design",https://example.com/scholarship_886
PhD Scholarship 887,PhD,3.07,"research,art",https://example.com/scholarship_887
MSc Scholarship 888,MSc,3.45,"computer,research,robotics",https://example.com/scholarship_888
BA Scholarship 889,BA,3.89,"robotics,design,science,creativity",https://example.com/scholarship_889
BSc Scholarship 890,BSc,2.65,"creativity,leadership",https://example.com/scholarship_890
MSc Scholarship 891,MSc,2.93,"computer,science",https://example.com/scholarship_891
BA Scholarship 892,BA,3.43,"AI,design",https://example.com/scholarship_892
MBA Scholarship 893,MBA,2.74,"robotics,computer,science",https://example.com/scholarship_893
BSc Scholarship 894,BSc,2.77,"programming,leadership,data,management",https://example.com/scholarship_894
MSc Scholarship 895,MSc,4.0,"tech,design,science,creativity",https://example.com/scholarship_895
BSc Scholarship 896,BSc,3.89,"art,analytics,leadership,science",https://example.com/scholarship_896
PhD Scholarship 897,PhD,3.1,"data,research,computer,management",https://example.com/scholarship_897
BA Scholarship 898,BA,2.73,"creativity,robotics",https://example.com/scholarship_898
BA Scholarship 899,BA,3.09,"data,science",https://example.com/scholarship_899
PhD Scholarship 900,PhD,3.55,"management,creativity",https://example.com/scholarship_900
MBA Scholarship 901,MBA,3.95,"analytics,management",https://example.com/scholarship_901
MSc Scholarship 902,MSc,3.37,"AI,science,leadership,creativity",https://example.com/scholarship_902
PhD Scholarship 903,PhD,3.9,"computer,AI,tech",https://example.com/scholarship_903
BSc Scholarship 904,BSc,3.76,"research,science",https://example.com/scholarship_904
BA Scholarship 905,BA,3.3,"design,art",https://example.com/scholarship_905
BSc Scholarship 906,BSc,2.95,"research,management,art",https://example.com/scholarship_906
PhD Scholarship 907,PhD,3.57,"leadership,AI,research",https://example.com/scholarship_907
PhD Scholarship 908,PhD,3.57,"robotics,research,science,tech",https://example.com/scholarship_908
MBA Scholarship 909,MBA,3.81,"science,management,robotics,design",https://example.com/scholarship_909
BA Scholarship 910,BA,2.89,"art,data,programming",https://example.com/scholarship_910
MBA Scholarship 911,MBA,3.64,"research,art,creativity",https://example.com/scholarship_911
BSc Scholarship 912,BSc,3.2,"programming,leadership,tech",https://example.com/scholarship_912
MBA Scholarship 913,MBA,2.83,"robotics,data,AI",https://example.com/scholarship_913
BA Scholarship 914,BA,3.83,"data,design,research",https://example.com/scholarship_914
MSc Scholarship 915,MSc,3.68,"data,robotics,programming,computer",https://example.com/scholarship_915
MSc Scholarship 916,MSc,2.92,"management,data,science,programming",https://example.com/scholarship_916
BSc Scholarship 917,BSc,2.72,"science,leadership",https://example.com/scholarship_917
MSc Scholarship 918,MSc,3.31,"art,analytics,creativity",https://example.com/scholarship_918
BSc Scholarship 919,BSc,3.88,"AI,computer,research,tech",https://example.com/scholarship_919
BSc Scholarship 920,BSc,2.69,"AI,design",https://example.com/scholarship_920
PhD Scholarship 921,PhD,3.49,"design,leadership",https://example.com/scholarship_921
MBA Scholarship 922,MBA,2.96,"research,data,art",https://example.com/scholarship_922
BA Scholarship 923,BA,3.9,"design,art",https://example.com/scholarship_923
MSc Scholarship 924,MSc,3.51,"tech,AI,computer",https://example.com/scholarship_924
PhD Scholarship 925,PhD,2.88,"programming,management,creativity,design",https://example.com/scholarship_925
PhD Scholarship 926,PhD,3.9,"science,AI,programming,research",https://example.com/scholarship_926
BSc Scholarship 927,BSc,3.49,"data,research,AI",https://example.com/scholarship_927
BA Scholarship 928,BA,3.74,"AI,design",https://example.com/scholarship_928
BSc Scholarship 929,BSc,3.13,"programming,design,AI",https://example.com/scholarship_929
BSc Scholarship 930,BSc,2.82,"creativity,programming",https://example.com/scholarship_930
PhD Scholarship 931,PhD,3.49,"computer,management,data,programming",https://example.com/scholarship_931
MSc Scholarship 932,MSc,3.75,"tech,science,management",https://example.com/scholarship_932
MSc Scholarship 933,MSc,2.83,"management,AI,art,programming",https://example.com/scholarship_933
MBA Scholarship 934,MBA,3.46,"programming,AI",https://example.com/scholarship_934
MBA Scholarship 935,MBA,2.52,"art,programming,creativity,science",https://example.com/scholarship_935
BA Scholarship 936,BA,3.61,"design,management",https://example.com/scholarship_936
PhD Scholarship 937,PhD,3.5,"analytics,AI,data,programming",https://example.com/scholarship_937
PhD Scholarship 938,PhD,3.43,"robotics,AI,leadership",https://example.com/scholarship_938
MBA Scholarship 939,MBA,3.99,"design,programming",https://example.com/scholarship_939
PhD Scholarship 940,PhD,3.19,"tech,programming,data",https://example.com/scholarship_940
MBA Scholarship 941,MBA,3.32,"management,tech,programming,AI",https://example.com/scholarship_941
BA Scholarship 942,BA,3.85,"data,management,AI,design",https://example.com/scholarship_942
MBA Scholarship 943,MBA,3.31,"research,tech,data,robotics",https://example.com/scholarship_943
PhD Scholarship 944,PhD,3.05,"analytics,research,data,management",https://example.com/scholarship_944
BSc Scholarship 945,BSc,3.07,"programming,analytics",https://example.com/scholarship_945
BA Scholarship 946,BA,3.73,"research,creativity",https://example.com/scholarship_946
MBA Scholarship 947,MBA,3.81,"programming,robotics",https://example.com/scholarship_947
PhD Scholarship 948,PhD,3.44,"research,AI,leadership,robotics",https://example.com/scholarship_948
BSc Scholarship 949,BSc,3.79,"robotics,computer,management,art",https://example.com/scholarship_949
BA Scholarship 950,BA,3.37,"creativity,design,robotics,management",https://example.com/scholarship_950
MSc Scholarship 951,MSc,2.84,"design,data,programming,analytics",https://example.com/scholarship_951
BA Scholarship 952,BA,2.87,"data,robotics,design",https://example.com/scholarship_952
MSc Scholarship 953,MSc,3.2,"tech,creativity,art",https://example.com/scholarship_953
BSc Scholarship 954,BSc,3.76,"leadership,research,AI",https://example.com/scholarship_954
MBA Scholarship 955,MBA,3.04,"leadership,design,robotics,computer",https://example.com/scholarship_955
MBA Scholarship 956,MBA,3.85,"computer,programming",https://example.com/scholarship_956
BSc Scholarship 957,BSc,3.4,"leadership,programming,creativity,analytics",https://example.com/scholarship_957
MBA Scholarship 958,MBA,2.65,"science,research",https://example.com/scholarship_958
MSc Scholarship 959,MSc,2.72,"programming,tech,robotics,research",https://example.com/scholarship_959
BA Scholarship 960,BA,2.67,"data,computer,leadership,art",https://example.com/scholarship_960
MBA Scholarship 961,MBA,2.77,"programming,art,creativity",https://example.com/scholarship_961
BA Scholarship 962,BA,3.34,"design,computer",https://example.com/scholarship_962
BA Scholarship 963,BA,3.69,"art,design,tech,science",https://example.com/scholarship_963
MBA Scholarship 964,MBA,3.06,"leadership,analytics",https://example.com/scholarship_964
MBA Scholarship 965,MBA,2.57,"data,AI,research,management",https://example.com/scholarship_965
BSc Scholarship 966,BSc,3.2,"analytics,management,programming",https://example.com/scholarship_966
PhD Scholarship 967,PhD,2.79,"robotics,data,creativity",https://example.com/scholarship_967
BSc Scholarship 968,BSc,3.72,"computer,science,research,design",https://example.com/scholarship_968
BSc Scholarship 969,BSc,2.89,"management,programming,science",https://example.com/scholarship_969
BA Scholarship 970,BA,3.35,"design,leadership,science",https://example.com/scholarship_970
MSc Scholarship 971,MSc,2.99,"design,analytics,creativity,AI",https://example.com/scholarship_971
BSc Scholarship 972,BSc,2.54,"leadership,tech",https://example.com/scholarship_972
MBA Scholarship 973,MBA,2.91,"programming,computer",https://example.com/scholarship_973
PhD Scholarship 974,PhD,3.26,"programming,creativity,data",https://example.com/scholarship_974
MSc Scholarship 975,MSc,3.42,"design,programming",https://example.com/scholarship_975
MSc Scholarship 976,MSc,3.01,"leadership,data,tech,management",https://example.com/scholarship_976
BA Scholarship 977,BA,3.32,"programming,design,research",https://example.com/scholarship_977
MSc Scholarship 978,MSc,3.18,"art,creativity,computer",https://example.com/scholarship_978
MBA Scholarship 979,MBA,3.96,"programming,management,creativity",https://example.com/scholarship_979
MBA Scholarship 980,MBA,2.71,"management,data",https://example.com/scholarship_980
BA Scholarship 981,BA,3.49,"programming,analytics",https://example.com/scholarship_981
MBA Scholarship 982,MBA,2.65,"research,robotics,design",https://example.com/scholarship_982
MBA Scholarship 983,MBA,3.2,"research,computer,art",https://example.com/scholarship_983
PhD Scholarship 984,PhD,3.34,"robotics,design",https://example.com/scholarship_984
PhD Scholarship 985,PhD,2.58,"programming,AI",https://example.com/scholarship_985
MBA Scholarship 986,MBA,3.13,"creativity,computer,robotics,design",https://example.com/scholarship_986
BSc Scholarship 987,BSc,2.97,"art,tech,creativity,leadership",https://example.com/scholarship_987
BSc Scholarship 988,BSc,3.4,"robotics,AI,art",https://example.com/scholarship_988
MBA Scholarship 989,MBA,3.94,"science,design,creativity",https://example.com/scholarship_989
PhD Scholarship 990,PhD,3.91,"analytics,AI",https://example.com/scholarship_990
MSc Scholarship 991,MSc,3.78,"science,AI,programming",https://example.com/scholarship_991
BSc Scholarship 992,BSc,2.76,"computer,programming,analytics,management",https://example.com/scholarship_992
PhD Scholarship 993,PhD,3.32,"design,science",https://example.com/scholarship_993
MBA Scholarship 994,MBA,2.7,"tech,programming,art",https://example.com/scholarship_994
PhD Scholarship 995,PhD,3.37,"design,data,management",https://example.com/scholarship_995
MBA Scholarship 996,MBA,3.53,"design,science",https://example.com/scholarship_996
PhD Scholarship 997,PhD,3.41,"tech,management,computer",https://example.com/scholarship_997
PhD Scholarship 998,PhD,3.08,"research,AI",https://example.com/scholarship_998
PhD Scholarship 999,PhD,3.23,"art,tech,design,analytics",https://example.com/scholarship_999
BA Scholarship 1000,BA,3.02,"leadership,analytics,AI",https://example.com/scholarship_1000
